"IdChange";"Prix1";"Prix2";"compte"
9;22881;22882;"1MI146, B2, R17"
10;22883;22884;"1MI146, B2, R17"
11;22885;22886;"1MI146, B2, R17"
12;22887;22888;"1MI146, B2, R18"
13;22889;22890;"1MI146, B2, R18"
14;22891;22892;"1MI146, B2, R19"
15;22893;22894;"1MI146, B2, R19"
16;22895;22896;"1MI146, B2, R. 21"
17;22897;22898;"1MI146, B2, R. 21"
18;22899;22900;"1MI146, B2, R. 21"
19;22901;22902;"1MI146, B2, R. 21"
20;22903;22904;"1 MI 146, B2, R24"
21;22905;22906;"1 MI 146, B2, R24"
22;22907;22908;"1 MI 146, B2, R24"
23;22909;22910;"1 MI 146, B2, R24"
24;22911;22912;"1 MI 146, B2, R24"
25;22913;22914;"1 MI 146, B2, R24"
26;22915;22916;"1 MI 146, B2, R24"
27;22917;22918;"1 MI 146, r. 28"
28;22919;22920;"1 MI 146, r. 28"
29;22921;22922;"1 MI 146, r. 28"
30;22923;22924;"1 MI 146, r. 28"
31;22925;22926;"1 MI 146, r. 29"
32;22927;22928;"1 MI 146, r. 29"
33;22929;22930;"1 MI 146, r. 30"
34;22931;22932;"1 MI 146, r. 30"
35;22933;22934;"1 MI 146, r. 30"
36;22935;22936;"1 MI 146, r. 30"
37;22937;22938;"1 MI 146, B3, R32"
38;22939;22940;"1 MI 146, B3, R32"
39;22941;22942;"1 MI 146, B3, R32"
40;22943;22944;"1 MI 146, B3, R32"
41;22945;22946;"1 MI 146, B3, R32"
42;22947;22948;"1 MI 146, B3, R33"
43;22949;22950;"1 MI 146, B3, R33"
44;22951;22952;"1 MI 146, B3, R33"
45;22953;22954;"1 MI 146, B3, R33"
46;22955;22956;"1 MI 146, B3, R33"
47;22957;22958;"1 MI 146, B3, R33"
48;22959;22960;"1 MI 146, B3, R33"
49;22961;22962;"1 MI 146, B3, R33"
50;22963;22964;"1 MI 146, B3, R33"
51;22965;22966;"1MI90,r. 3,34"
52;22967;22968;"1MI90,r. 3,34"
53;22969;22970;"1MI90,r. 3,34"
54;22971;22972;"1MI90,r. 3,34"
55;22973;22974;"1MI90,r. 3,34"
56;22975;22976;"1MI90,r. 3,34"
57;22977;22978;"1MI90,r. 3,34"
58;22979;22980;"1MI90,r. 3,34"
59;22981;22982;"1 MI 146, r. 4, R37"
60;22983;22984;"1 MI 146, r. 4, R37"
61;22985;22986;"1 MI 146, r. 4, R37"
62;22987;22988;"1 MI 146, r. 4, R37"
63;22989;22990;"1 MI 146, r. 4, R37"
64;22991;22992;"1 MI 146, r. 4, R37"
65;22993;22994;"1 MI 146, r. 4, R36"
66;22995;22996;"1 MI 146, r. 4, R36"
67;22997;22998;"1 MI 146, r. 4, R36"
68;22999;23000;"1 MI 146, r. 4, R36"
69;23001;23002;"1 MI 146, r. 4, R36"
70;23003;23004;"1 MI 146, r. 4, R36"
71;23005;23006;"1 MI 146, r. 4, R36"
72;23007;23008;"1 MI 146, r. 4, R37"
73;23009;23010;"1 MI 146, r. 4, R37"
74;23011;23012;"1 MI 146, r. 4, R37"
75;23013;23014;"1 MI 146, r. 4, R37"
76;23015;23016;"1 MI 146, r. 4, R37"
77;23017;23018;"1 MI 146, r. 4, R37"
78;23019;23020;"1 MI 146, r. 4, R37"
79;23021;23022;"1 MI 146, r. 4, R37"
80;23023;23024;"1 MI 146, r. 4, R37"
81;23025;23026;"1MI 90, r. 4, R38"
82;23027;23028;"1MI 90, r. 4, R38"
83;23029;23030;"1MI 90, r. 4, R38"
84;23031;23032;"1MI 90, r. 4, R38"
85;23033;23034;"7 MI 3, r. 4, r. 5, R39"
86;23035;23036;"7 MI 3, r. 4, r. 5, R39"
87;23037;23038;"7 MI 3, r. 4, r. 5, R39"
88;23039;23040;"7 MI 3, r. 4, r. 5, R39"
89;23041;23042;"7 MI 3, r. 4, r. 5, R39"
90;23043;23044;"7 MI 3, r. 4, r. 5, R39"
91;23045;23046;"7 MI 3, r. 4, r. 5, R40"
92;23047;23048;"7 MI 3, r. 4, r. 5, R40"
93;23049;23050;"7 MI 3, r. 4, r. 5, R40"
94;23051;23052;"7 MI 3, r. 4, r. 5, R40"
95;23053;23054;"7 MI 3, r. 4, r. 5, R40"
96;23055;23056;"7 MI 3, r. 4, r. 5, R40"
97;23057;23058;"7 MI 3, r. 6, R42"
98;23059;23060;"7 MI 3, r. 6, R42"
99;23061;23062;"7 MI 3, r. 6, R42"
100;23063;23064;"7 MI 3, r. 6, R42"
101;23065;23066;"7 MI 3, r. 6, R42"
102;23067;23068;"7 MI 3, r. 6 et r. 7, R43"
103;23069;23070;"7 MI 3, r. 6 et r. 7, R43"
104;23071;23072;"7 MI 3, r. 6 et r. 7, R43"
105;23073;23074;"7 MI 3, r. 6 et r. 7, R43"
106;23075;23076;"7 MI 3, r. 6 et r. 7, R43"
107;23077;23078;"7 MI 3, r. 6 et r. 7, R43"
108;23079;23080;"7 MI 3, r. 6 et r. 7, R43"
109;23081;23082;"7 MI 3, r. 6 et r. 7, R43"
111;23084;23085;"7 MI 3, r. 6 et r. 7, R43"
112;23086;23087;"7 MI 3, r. 9, R45"
113;23088;23089;"7 MI 3, r. 9, R45"
114;23090;23091;"7 MI 3, r. 9, R45"
115;23092;23093;"7 MI 3, r. 9, R45"
116;23094;23095;"7 MI 3, r. 9, R45"
117;23096;23097;"7 MI 3, r. 9 et r. 10, R46"
118;23098;23099;"7 MI 3, r. 9 et r. 10, R46"
119;23100;23101;"7 MI 3, r. 9 et r. 10, R46"
120;23102;23103;"7 MI 3, r. 9 et r. 10, R46"
121;23104;23105;"7 MI 3, r. 9 et r. 10, R46"
122;23106;23107;"7 MI 3, r. 9 et r. 10, R46"
123;23108;23109;"7 MI 3, r. 9 et r. 10, R46"
124;23110;23111;"7 MI 3, r. 10 et r. 11, R48"
125;23112;23113;"7 MI 3, r. 10 et r. 11, R48"
126;23114;23115;"7 MI 3, r. 10 et r. 11, R48"
127;23116;23117;"7 MI 3, r. 10 et r. 11, R48"
128;23118;23119;"7 MI 3, r. 10 et r. 11, R48"
129;23120;23121;"7 MI 3, r. 10 et r. 11, R48"
130;23122;23123;"7 MI 3, r. 10 et r. 11, R48"
131;23124;23125;"7 MI 3, r. 10 et r. 11, R48"
132;23126;23127;"7 MI 3, r. 10 et r. 11, R48"
133;23128;23129;"7 MI 3, r. 10 et r. 11, R48"
134;23130;23131;"7 MI 3, r. 10 et r. 11, R48"
135;23132;23133;"7 MI 3, r. 10 et r. 11, R48"
136;23134;23135;"7 MI 3, r. 10 et r. 11, R48"
137;23136;23137;"7 MI 3,  r. 11, R49"
138;23138;23139;"7 MI 3, r. 10 et r. 11, R48"
139;23140;23141;"7 MI 3, r. 10 et r. 11, R48"
140;23142;23143;"7 MI 3, r. 10 et r. 11, R48"
141;23144;23145;"7 MI 3, r. 10 et r. 11, R48"
142;23146;23147;"7 MI 3,  r. 14, R53"
143;23148;23149;"7 MI 3,  r. 14, R53"
144;23150;23151;"7 MI 3,  r. 15 et r. 16, R55"
145;23152;23153;"7 MI 3,  r. 15 et r. 16, R55"
146;23154;23155;"7 MI 3,  r. 15 et r. 16, R55"
147;23156;23157;"7 MI 3,  r. 15 et r. 16, R55"
148;23158;23159;"7 MI 3,  r. 15 et r. 16, R55"
149;23160;23161;"7 MI 3,  r. 15 et r. 16, R55"
150;23162;23163;"7 MI 3,  r. 16 et r. 17, R56"
151;23164;23165;"7 MI 3,  r. 16 et r. 17, R56"
152;23166;23167;"7 MI 3,  r. 16 et r. 17, R56"
153;23168;23169;"7 MI 3,  r. 16 et r. 17, R56"
154;23170;23171;"7 MI 3,  r. 16 et r. 17, R56"
155;23172;23173;"7 MI 3,  r. 16 et r. 17, R56"
156;23174;23175;"7 MI 3,  r. 16 et r. 17, R56"
157;23176;23177;"7 MI 3,  r. 17 et r. 18, R57"
158;23178;23179;"7 MI 3,  r. 17 et r. 18, R57"
159;23180;23181;"7 MI 3,  r. 17 et r. 18, R57"
160;23182;23183;"7 MI 3,  r. 17 et r. 18, R57"
161;23184;23185;"7 MI 3,  r. 17 et r. 18, R57"
162;23186;23187;"7 MI 3,  r. 17 et r. 18, R57"
163;23188;23189;"7 MI 3,  r. 17 et r. 18, R57"
164;23190;23191;"7 MI 3,  r. 17 et r. 18, R57"
165;23192;23193;"7 MI 3,  r. 17 et r. 18, R57"
166;23194;23195;"7 MI 3,  r. 17 et r. 18, R57"
167;23196;23197;"7 MI 3,  r. 18 et r. 19, R59"
168;23198;23199;"7 MI 3,  r. 18 et r. 19, R59"
169;23200;23201;"7 MI 3,  r. 18 et r. 19, R59"
170;23202;23203;"7 MI 3,  r. 18 et r. 19, R59"
171;23204;23205;"7 MI 3,  r. 18 et r. 19, R59"
172;23206;23207;"7 MI 3,  r. 18 et r. 19, R59"
173;23208;23209;"7 MI 3,  r. 18 et r. 19, R59"
174;23210;23211;"7 MI 3,  r. 18 et r. 19, R59"
175;23212;23213;"7 MI 3,  r. 18 et r. 19, R59"
176;23214;23215;"7 MI 3,  r. 18 et r. 19, R59"
177;23216;23217;"7 MI 3,  r. 18 et r. 19, R59"
178;23218;23219;"7 MI 3,  r. 18 et r. 19, R59"
179;23220;23221;"7 MI 3,  r. 18 et r. 19, R59"
180;23222;23223;"7 MI 3,  r. 18 et r. 19, R59"
181;23224;23225;"7 MI 3,  r. 18 et r. 19, R59"
182;23226;23227;"7 MI 3,  r. 18 et r. 19, R59"
183;23228;23229;"7 MI 3,  r. 18 et r. 19, R59"
184;23230;23231;"7 MI 3,  r. 18 et r. 19, R59"
185;23232;23233;"7 MI 3,  r. 20, R60"
186;23234;23235;"7 MI 3,  r. 20, R60"
187;23236;23237;"7 MI 3,  r. 20, R60"
188;23238;23239;"7 MI 3,  r. 20, R60"
189;23240;23241;"7 MI 3,  r. 21, r. 22, R61"
190;23242;23243;"7 MI 3,  r. 21, r. 22, R61"
191;23244;23245;"7 MI 3,  r. 21, r. 22, R61"
192;23246;23247;"7 MI 3,  r. 21, r. 22, R61"
193;23248;23249;"7 MI 3,  r. 21, r. 22, R61"
194;23250;23251;"7 MI 3,  r. 21, r. 22, R61"
195;23252;23253;"7 MI 3,  r. 21, r. 22, R61"
196;23254;23255;"7 MI 3,  r. 21, r. 22, R61"
197;23256;23257;"7 MI 3,  r. 21, r. 22, R61"
198;23258;23259;"7 MI 3,  r. 21, r. 22, R61"
199;23260;23261;"7 MI 3,  r. 23, R62"
200;23262;23263;"7 MI 3,  r. 23, R62"
201;23264;23265;"7 MI 3,  r. 23, R62"
202;23266;23267;"7 MI 3,  r. 23, R62"
203;23268;23269;"7 MI 3,  r. 23, R62"
204;23270;23271;"7 MI 3,  r. 23, R63"
205;23272;23273;"7 MI 3,  r. 23, R63"
206;23274;23275;"7 MI 3,  r. 23, R63"
207;23276;23277;"7 MI 3,  r. 23, R63"
208;23278;23279;"7 MI 3,  r. 23, R63"
209;23280;23281;"7 MI 3,  r. 23, R63"
210;23282;23283;"7 MI 3,  r. 23, R63"
211;23284;23285;"7 MI 3,  r. 23, R63"
212;23286;23287;"7 MI 3,  r. 23, R63"
213;23288;23289;"7 MI 3,  r. 23, R63"
214;23290;23291;"7 MI 3,  r. 23, R63"
215;23292;23293;"7 MI 3,  r. 23, R63"
216;23294;23295;"7 MI 3,  r. 23, R63"
217;23296;23297;"7 MI 3,  r. 23, R63"
218;23298;23299;"7 MI 3,  r. 23, R63"
219;23300;23301;"7 MI 3,  r. 24, R64"
220;23302;23303;"7 MI 3,  r. 24, R64"
221;23304;23305;"7 MI 3,  r. 24, R64"
222;23306;23307;"7 MI 3,  r. 24, R64"
223;23308;23309;"7 MI 3,  r. 24, R64"
224;23310;23311;"7 MI 3,  r. 24, R64"
225;23312;23313;"7 MI 3,  r. 24, R64"
226;23314;23315;"7 MI 3,  r. 24, R64"
227;23316;23317;"7 MI 3,  r. 24, R64"
228;23318;23319;"7 MI 3,  r. 24, R64"
229;23320;23321;"7 MI 3,  r. 24, R64"
230;23322;23323;"7 MI 3,  r. 25 et r. 26, R65"
231;23324;23325;"7 MI 3,  r. 25 et r. 26, R65"
232;23326;23327;"7 MI 3,  r. 25 et r. 26, R65"
233;23328;23329;"7 MI 3,  r. 25 et r. 26, R65"
234;23330;23331;"7 MI 3,  r. 25 et r. 26, R65"
235;23332;23333;"7 MI 3,  r. 25 et r. 26, R65"
236;23334;23335;"7 MI 3,  r. 25 et r. 26, R65"
237;23336;23337;"7 MI 3,  r. 25 et r. 26, R65"
238;23338;23339;"7 MI 3,  r. 25 et r. 26, R65"
239;23340;23341;"7 MI 3,  r. 26 et r. 27, R66"
240;23342;23343;"7 MI 3,  r. 26 et r. 27, R66"
241;23344;23345;"7 MI 3,  r. 26 et r. 27, R66"
242;23346;23347;"7 MI 3,  r. 26 et r. 27, R66"
243;23348;23349;"7 MI 3,  r. 26 et r. 27, R66"
244;23350;23351;"7 MI 3,  r. 26 et r. 27, R66"
245;23352;23353;"7 MI 3,  r. 26 et r. 27, R66"
246;23354;23355;"7 MI 3,  r. 26 et r. 27, R66"
247;23356;23357;"7 MI 3,  r. 31 et r. 32, R69"
248;23358;23359;"7 MI 3,  r. 31 et r. 32, R69"
249;23360;23361;"7 MI 3,  r. 31 et r. 32, R69"
250;23362;23363;"7 MI 3,  r. 31 et r. 32, R69"
251;23364;23365;"7 MI 3,  r. 31 et r. 32, R69"
252;23366;23367;"7 MI 3,  r. 31 et r. 32, R69"
253;23368;23369;"7 MI 3,  r. 31 et r. 32, R69"
254;23370;23371;"7 MI 3,  r. 31 et r. 32, R69"
255;23372;23373;"7 MI 3,  r. 31 et r. 32, R69"
256;23374;23375;"7 MI 3, r. 33 et 34, R71"
257;23376;23377;"7 MI 3, r. 33 et 34, R71"
258;23378;23379;"7 MI 3, r. 33 et 34, R71"
259;23380;23381;"7 MI 3, r. 33 et 34, R71"
260;23382;23383;"7 MI 3, r. 33 et 34, R71"
261;23384;23385;"7 MI 3, r. 33 et 34, R71"
262;23386;23387;"7 MI 3, r. 33 et 34, R71"
263;23388;23389;"7 MI 3, r. 33 et 34, R71"
264;23390;23391;"7 MI 3, r. 33 et 34, R71"
265;23392;23393;"7 MI 3, r. 35, R72"
266;23394;23395;"7 MI 3, r. 35, R72"
267;23396;23397;"7 MI 3, r. 35, R72"
268;23398;23399;"7 MI 3, r. 35, R72"
269;23400;23401;"7 MI 3, r. 35, R72"
270;23402;23403;"7 MI 3, r. 35, R72"
271;23404;23405;"7 MI 3, r. 35, R72"
272;23406;23407;"7 MI 3, r. 35, R72"
273;23408;23409;"7 MI 3, r. 32, R70"
274;23410;23411;"7 MI 3, r. 32, R70"
275;23412;23413;"7 MI 3, r. 32, R70"
276;23414;23415;"7 MI 3, r. 32, R70"
277;23416;23417;"7 MI 3, r. 32, R70"
278;23418;23419;"7 MI 3, r. 32, R70"
279;23420;23421;"7 MI 3, r. 32, R70"
280;23422;23423;"7 MI 3, r. 32, R70"
281;23424;23425;"7 MI 3, r. 32, R70"
282;23426;23427;"7 MI 3, r. 32, R70"
283;23428;23429;"7 MI 3, r. 32, R70"
284;23430;23431;"7 MI 3, r. 36, R74"
285;23432;23433;"7 MI 3, r. 36, R74"
286;23434;23435;"7 MI 3, r. 36, R74"
287;23436;23437;"7 MI 3, r. 36, R74"
288;23438;23439;"7 MI 3, r. 36, R74"
289;23440;23441;"7 MI 3, r. 36, R74"
290;23442;23443;"7 MI 3, r. 36, R74"
291;23444;23445;"7 MI 3, r. 36, R73"
292;23446;23447;"7 MI 3, r. 36, R73"
293;23448;23449;"7 MI 3, r. 36, R73"
294;23450;23451;"7 MI 3, r. 36, R73"
295;23452;23453;"7 MI 3, r. 36, R73"
296;23454;23455;"7 MI 3, r. 36, R73"
297;23456;23457;"7 MI 3, r. 36, R73"
298;23458;23459;"7 MI 3, r. 36, R73"
299;23460;23461;"7 MI 3, r. 36, R73"
300;23462;23463;"1MI33, R2,16"
301;23464;23465;"1MI33, R2,16"
302;23466;23467;"1MI33, R2,16"
303;23468;23469;"1MI33, R2,16"
304;23470;23471;"1MI33, R2,16"
305;23472;23473;"1MI33, R2,16"
306;23474;23475;"1MI33, R2,16"
307;23476;23477;"1MI33, R2,17"
308;23478;23479;"1MI33, R2,17"
309;23480;23481;"1MI33, R2,17"
310;23482;23483;"1MI33, R2,18"
311;23484;23485;"1MI33, R2,18"
312;23486;23487;"1MI33, R2,18"
313;23488;23489;"1MI33, R2,18"
314;23490;23491;"1MI33, R2,18"
315;23492;23493;"1MI33, R2,21"
316;23494;23495;"1MI33, R2,21"
317;23496;23497;"1MI33, R2,21"
318;23498;23499;"1MI33, r. 3, 22"
319;23500;23501;"1MI33, r. 3, 22"
320;23502;23503;"1MI33, r. 3, 22"
321;23504;23505;"1MI33, r. 3, 22"
322;23506;23507;"1MI33, r. 3, 22"
323;23508;23509;"1MI33, r. 3, 23"
324;23510;23511;"1MI33, r. 3, 23"
325;23512;23513;"1MI33, r. 3, 23"
326;23514;23515;"1MI33, r. 3, 23"
327;23516;23517;"1MI33, r. 3, 23"
328;23518;23519;"1MI33, r. 3 et r.4, 24"
329;23520;23521;"1MI33, r. 3 et r.4, 24"
330;23522;23523;"1MI33, r. 3 et r.4, 24"
331;23524;23525;"1MI33, r. 3 et r.4, 24"
332;23526;23527;"1MI33,  r.4, 25"
333;23528;23529;"1MI33,  r.4, 25"
334;23530;23531;"1MI33,  r.4, 25"
335;23532;23533;"1MI33,  r.4, 25"
336;23534;23535;"1MI33,  r.4, 25"
337;23536;23537;"1MI33,  r.4, 25"
338;23538;23539;"1MI33,  r.4, 25"
339;23540;23541;"1MI33,  r.4, 25"
340;23542;23543;"1MI33,  r.4, 25"
341;23544;23545;"1MI33,  r.5, 26"
342;23546;23547;"1MI33,  r.5, 26"
343;;;"1MI33,  r.5, 26"
344;23548;23549;"1MI33,  r.5, 26"
345;23550;23551;"1MI33,  r.5, 26"
346;23552;23553;"1MI33,  r.5, 26"
347;23554;23555;"1MI33,  r.5, 26"
348;23556;23557;"1MI33, r. 6 et r.7, 27"
349;23558;23559;"1MI33, r. 6 et r.7, 27"
350;23560;23561;"1MI33, r. 6 et r.7, 27"
351;23562;23563;"1MI33, r. 6 et r.7, 27"
352;23564;23565;"1MI33, r. 6 et r.7, 27"
353;23566;23567;"1MI33, r. 6 et r.7, 27"
354;23568;23569;"1MI33, r. 6 et r.7, 27"
355;23570;23571;"1MI33, r. 6 et r.7, 27"
356;23572;23573;"1MI33, r. 7 et r.8, 28"
357;23574;23575;"1MI33, r. 7 et r.8, 28"
358;23576;23577;"1MI33, r. 7 et r.8, 28"
359;23578;23579;"1MI33, r. 7 et r.8, 28"
360;23580;23581;"1MI33, r. 7 et r.8, 28"
361;23582;23583;"1MI33, r. 7 et r.8, 28"
362;23584;23585;"1MI33, r. 7 et r.8, 28"
363;23586;23587;"1MI33, r. 7 et r.8, 28"
364;23588;23589;"1MI33, r. 7 et r.8, 28"
365;23590;23591;"1MI33, r. 7 et r.8, 28"
366;23592;23593;"1MI33, r. 7 et r.8, 28"
367;23594;23595;"1MI33, r. 7 et r.8, 28"
368;23596;23597;"1MI33, r. 7 et r.8, 28"
369;23598;23599;"1MI33, r.8, 29"
370;23600;23601;"1MI33, r.8, 29"
371;23602;23603;"1MI33, r.8, 29"
372;23604;23605;"1MI33, r.8, 29"
373;23606;23607;"1MI33, r.8, 29"
374;23608;23609;"1MI33, r.8, 29"
375;23610;23611;"1MI33, r.8, 29"
376;23612;23613;"1MI33, r.8, 29"
377;23614;23615;"1MI33, r.8, 29"
378;23616;23617;"1MI33, r.8, 29"
379;23618;23619;"1MI33, r.8, 29"
380;23620;23621;"1MI33, r.8 et r. 9, 30"
381;23622;23623;"1MI33, r.8 et r. 9, 30"
382;23624;23625;"1MI33, r.8 et r. 9, 30"
383;23626;23627;"1MI33, r.8 et r. 9, 30"
384;23628;23629;"1MI33, r.8 et r. 9, 30"
385;23630;23631;"1MI33, r.8 et r. 9, 30"
386;23632;23633;"1MI33, r.8 et r. 9, 30"
387;23634;23635;"1MI33, r.8 et r. 9, 30"
388;23636;23637;"1MI33, r.8 et r. 9, 30"
389;23638;23639;"1MI33, r. 9, 31"
390;23640;23641;"1MI33, r. 9, 31"
391;23642;23643;"1MI33, r. 9, 31"
392;23644;23645;"1MI33, r. 9, 31"
393;23646;23647;"1MI33, r. 9, 31"
394;23648;23649;"1MI33, r. 9, 31"
395;23650;23651;"1MI33, r. 9, 31"
396;23652;23653;"1MI33, r. 9, 31"
397;23654;23655;"1MI33, r. 9, 31"
398;23656;23657;"1MI33, r. 9, 31"
399;23658;23659;"1MI33, r. 9, 31"
400;23660;23661;"1MI33, r. 9, 31"
401;23662;23663;"1MI33, r. 9, 31"
402;23664;23665;"1MI33, r. 11, 32"
403;23666;23667;"1MI33, r. 11, 32"
404;23668;23669;"1MI33, r. 11, 32"
405;23670;23671;"1MI33, r. 11, 32"
406;23672;23673;"1MI33, r. 11, 32"
407;23674;23675;"1MI33, r. 11, 32"
408;23676;23677;"1MI33, r. 11, 32"
409;23678;23679;"1MI33, r. 11, 32"
410;23680;23681;"1MI33, r. 11, 32"
411;23682;23683;"1MI33, r. 11, 32"
412;23684;23685;"1MI33, r. 11, 32"
413;23686;23687;"1MI33, r.12 et r.13, 34"
414;23688;23689;"1MI33, r.12 et r.13, 34"
415;23690;23691;"1MI33, r.12 et r.13, 34"
416;23692;23693;"1MI33, r.12 et r.13, 34"
417;23694;23695;"1MI33, r.12 et r.13, 34"
418;23696;23697;"1MI33, r.12 et r.13, 34"
419;23698;23699;"1MI33, r.12 et r.13, 34"
420;23700;23701;"1MI33, r.12 et r.13, 34"
421;23702;23703;"1MI33, r.12 et r.13, 34"
422;23704;23705;"1MI33, r. 11 et r. 12, 33"
423;23706;23707;"1MI33, r. 11 et r. 12, 33"
424;23708;23709;"1MI33, r. 11 et r. 12, 33"
425;23710;23711;"1MI33, r. 11 et r. 12, 33"
426;23712;23713;"1MI33, r. 11 et r. 12, 33"
427;23714;23715;"1MI33, r. 11 et r. 12, 33"
428;23716;23717;"1MI33, r. 11 et r. 12, 33"
429;23718;23719;"1MI33, r. 11 et r. 12, 33"
430;23720;23721;"1MI33, r. 11 et r. 12, 33"
431;23722;23723;"1MI33, r. 11 et r. 12, 33"
432;23724;23725;"1MI33, r. 11 et r. 12, 33"
433;23726;23727;"1MI29, R4,57.26"
434;23728;23729;"1MI29, R4,57.26"
435;23730;23731;"1MI29, R4,57.26"
436;23732;23733;"1MI29, R4,56"
437;23734;23735;"1MI29, R4,58"
438;23736;23737;"1MI29, R4,58"
439;23738;23739;"1MI29, R4,58"
440;23740;23741;"1MI29, R4,58"
441;23742;23743;"1MI29, R4,58"
442;23744;23745;"1MI29, R4,58"
443;23746;23747;"1MI29, R4,58"
444;23748;23749;"1MI29, R4,58"
445;23750;23751;"1MI29, R4,58"
446;23752;23753;"1MI29, R4,58"
447;23754;23755;"1MI29, R4,58"
448;23756;23757;"1MI29, R4,58"
449;23758;23759;"1MI29, R4,58"
450;23760;23761;"1MI29, R4,58"
451;23762;23763;"1MI29, R4,60"
452;23764;23765;"1MI29, R4,60"
453;23766;23767;"1MI29, R4,60"
455;23769;23770;"1MI29, R4et R5,62"
456;23771;23772;"1MI29, R4et R5,62"
457;23773;23774;"1MI29, R4et R5,62"
458;23775;23776;"1MI29, R4et R5,62"
459;23777;23778;"1MI29, R4et R5,62"
460;23779;23780;"1MI29, R4et R5,62"
461;23781;23782;"1MI29, R4et R5,62"
462;23783;23784;"1MI29, R4et R5,62"
463;23785;23786;"1MI29, R4et R5,62"
464;23787;23788;"1MI29, R4et R5,62"
465;23789;23790;"1MI29, R4et R5,62"
466;23791;23792;"1MI29, R5,63"
467;23793;23794;"1MI29, R5,63"
468;23795;23796;"1MI29, R5,63"
469;23797;23798;"1MI29, R5,63"
470;23799;23800;"1MI29, R5,63"
471;23801;23802;"1MI29, R5,63"
472;23803;23804;"1MI29, R5,63"
473;23805;23806;"1MI29, R5,63"
474;23807;23808;"1MI29, R5,63"
475;23809;23810;"1MI29, R5,63"
476;23811;23812;"1MI29, R5,63"
477;23813;23814;"1MI29, R5,63"
478;23815;23816;"1MI29, R5,63"
479;23817;23818;"1MI29, R5,63"
480;23819;23820;"1MI29, R5,63"
481;23821;23822;"1MI29, R5,63"
482;23823;23824;"1MI29, r.5, 67"
483;23825;23826;"1MI29, r.5, 67"
484;23827;23828;"1MI29, r.5, 67"
485;23829;23830;"1MI29, r.5, 67"
486;23831;23832;"1MI29, r.5, 68"
487;23833;23834;"1MI29, r.5, 68"
488;23835;23836;"1MI29, r.5, 68"
489;23837;23838;"1MI29, r.5, 68"
490;23839;23840;"1MI29, r.5, 68"
491;;;"1MI29, r.5, 68"
492;23841;23842;"1MI29, r.5, 68"
493;23843;23844;"1MI29, r.5, 68"
494;23845;23846;"1MI29, r.5, 68"
495;23847;23848;"1MI29, r.5, 68"
496;23849;23850;"1MI29, r.5, 68"
497;23851;23852;"1MI29, r.6, r.7, 69"
498;23853;23854;"1MI29, r.6, r.7, 69"
499;23855;23856;"1MI29, r.6, r.7, 69"
500;23857;23858;"1MI29, r.6, r.7, 69"
501;23859;23860;"1MI29, r.6, r.7, 69"
502;23861;23862;"1MI29, r.6, r.7, 69"
503;23863;23864;"1MI29, r.6, r.7, 69"
504;23865;23866;"1MI29, r.7, 70"
505;23867;23868;"1MI29, r.7, 70"
506;23869;23870;"1MI29, r.7, 70"
507;23871;23872;"1MI29, r.7, 70"
508;23873;23874;"1MI29, r.7, 70"
509;23875;23876;"1MI29, r.7, 70"
510;23877;23878;"1MI29, r.7, 70"
511;23879;23880;"1MI29, r.7, 70"
512;23881;23882;"1MI29, r.7, 70"
514;23883;23884;"AST, inv38,m1,12.1"
515;23885;23886;"AST, inv38,m1,12.1"
516;23887;23888;"AST, inv38,m1,12.1"
517;23889;23890;"AST, inv38,m1,12.1"
518;23891;23892;"AST, inv38,m1,12.1"
519;23893;23894;"AST, inv38,m1,13"
520;23895;23896;"AST, inv38,m1,13"
521;23897;23898;"AST, inv38,m1,13"
522;23899;23900;"AST, inv38,m1,13"
523;23901;23902;"AST, inv38,m2,14"
524;23903;23904;"AST, inv38,m2,14"
525;23905;23906;"AST, inv38,m2,14"
526;23907;23908;"AST, inv38,m2,14"
527;23909;23910;"AST, inv38,m2,14"
528;23911;23912;"AST, inv38,m2,14"
529;23913;23914;"AST, inv38,m2,19 (1)"
530;23915;23916;"AST, inv38,m2,19 (1)"
531;23917;23918;"AST, inv38,m2,19 (1)"
532;23919;23920;"AST, inv38,m2,19 (1)"
533;23921;23922;"AST, inv38,m2,19 (1)"
534;23923;23924;"AST, inv38,m2,19 (2)"
535;23925;23926;"AST, inv38,m2,19 (2)"
536;23927;23928;"AST, inv38,m2,19 (2)"
537;23929;23930;"AST, inv38,m3,20 (1)"
539;23933;23934;"AST, inv38,m3,20 (1)"
540;23935;23936;"AST, inv38,m3,20 (1)"
541;23937;23938;"AST, inv38,m3,20 (2)"
542;23939;23940;"AST, inv38,m3,20 (2)"
543;23941;23942;"AST, inv38,m3,20 (2)"
544;23943;23944;"AST, inv38,m3,20 (2)"
545;23945;23946;"AST, inv38,m3,20 (2)"
546;23947;23948;"AST, inv38,m3,20 (2)"
547;23949;23950;"AST, inv38,m3,21"
548;23951;23952;"AST, inv38,m3,21"
549;23953;23954;"AST, inv38,m3,21"
550;23955;23956;"AST, inv38,m2,17 (1)"
551;23957;23958;"AST, inv38,m2,17 (1)"
552;23959;23960;"AST, inv38,m2,17 (1)"
553;23961;23962;"AST, inv38,m2,17 (1)"
554;23963;23964;"AST, inv38,m2,17 (2)"
555;23965;23966;"AST, inv38,m2,17 (3)"
556;23967;23968;"AST, inv38,m2,17 (3)"
557;23969;23970;"AST, inv38,m2,17 (3)"
558;23971;23972;"AST, inv38,m2,17 (3)"
559;23973;23974;"AST, inv38,m2,17 (3)"
560;23975;23976;"AST, inv38,m2,17 (3)"
561;23977;23978;"AST, inv38,m3,23"
562;23979;23980;"AST, inv38,m3,23"
563;23981;23982;"AST, inv38,m3,23"
564;23983;23984;"AST, inv38,m3,23"
565;23985;23986;"AST, inv38,m3,23"
566;23987;23988;"AST, inv38,m3,23"
567;23989;23990;"AST, inv38,m 4,24"
568;23991;23992;"AST, inv38,m 4,24"
569;23993;23994;"AST, inv38,m 4,24"
570;23995;23996;"AST, inv38,m 4,24"
571;23997;23998;"AST, inv38,m 4,24"
572;23999;24000;"AST, inv38,m 4,24"
573;24001;24002;"AST, inv38,m 4,24"
574;24003;24004;"AST, inv38,m 4,24"
575;24005;24006;"AST, inv38,m 4,24"
576;24007;24008;"7 MI 3,  r. 17 et r. 18, R57"
577;24009;24010;"7 MI 3,  r. 17 et r. 18, R57"
579;24011;24012;"1 MI 146, B2, R24"
580;24013;24014;"7 MI 3,  r. 31 et r. 32, R69"
581;24015;24016;"1 MI 146, B3, R31"
582;24017;24018;"1 MI 146, B3, R32"
583;24019;24020;"1 MI 146, B3, R33"
584;24021;24022;"1 MI 146, r. 28"
585;24023;24024;"1 MI 146, r. 29"
586;24025;24026;"1 MI 146, r. 30"
587;24027;24028;"1 MI 146, r. 4, R37"
588;24029;24030;"1 MI 146, r. 4, R37"
589;24031;24032;"1MI 90, r. 4, R38"
590;24033;24034;"1MI 90, r. 5, R37 (269)"
591;24035;24036;"1MI146, B1"
592;24037;24038;"1MI146, B2, R. 20"
593;24039;24040;"1MI146, B2, R. 21"
594;24041;24042;"1MI146, B2, R. 22"
595;24043;24044;"1MI146, B2, R. 23"
596;24045;24046;"1MI146, B2, R17"
597;24047;24048;"1MI146, B2, R18"
598;24049;24050;"1MI146, B2, R19"
599;24051;24052;"1MI29, r.5, 68"
600;24053;24054;"1MI29, R4,58"
601;24055;24056;"1MI29, R4,60"
602;24057;24058;"1MI29, R4,61"
603;24059;24060;"1MI29, R4et R5,62"
604;24061;24062;"1MI29, R5,63"
606;24065;24066;"1MI29, R5,66"
607;24067;24068;"1MI33,  r.4, 25"
608;24069;24070;"1MI33,  r.5, 26"
609;24071;24072;"1MI33, r. 3 et r.4, 24"
610;24073;24074;"1MI33, r. 3, 22"
611;24075;24076;"1MI33, r. 3, 23"
612;24077;24078;"1MI33, r. 6 et r.7, 27"
613;24079;24080;"1MI33, r. 7 et r.8, 28"
614;24081;24082;"1MI33, r. 9, 31"
615;24083;24084;"1MI33, r.8 et r. 9, 30"
616;24085;24086;"1MI33, r.8, 29"
617;24087;24088;"1MI33, R2,17"
618;24089;24090;"1MI33, R2,18"
619;24091;24092;"1MI33, R2,21"
620;24093;24094;"1MI90, r. 4, 35"
621;24095;24096;"1MI90,r. 3,34"
622;24097;24098;"7 MI 3,  r. 11 et r. 12, R50"
623;24099;24100;"7 MI 3,  r. 11, R49"
624;24101;24102;"7 MI 3,  r. 13, R52"
625;24103;24104;"7 MI 3,  r. 14, R53"
626;24105;24106;"7 MI 3,  r. 16 et r. 17, R56"
627;24107;24108;"7 MI 3,  r. 17 et r. 18, R57"
628;24109;24110;"7 MI 3,  r. 18 et r. 19, R59"
629;24111;24112;"7 MI 3,  r. 20, R60"
630;24113;24114;"7 MI 3,  r. 21, r. 22, R61"
631;24115;24116;"7 MI 3,  r. 23, R63"
632;24117;24118;"7 MI 3,  r. 23, R62"
633;24119;24120;"7 MI 3,  r. 24, R64"
634;24121;24122;"7 MI 3,  r. 25 et r. 26, R65"
635;24123;24124;"7 MI 3,  r. 26 et r. 27, R66"
636;24125;24126;"7 MI 3,  r. 29 et r. 30, R68"
637;24127;24128;"7 MI 3,  r. 31 et r. 32, R69"
638;24129;24130;"7 MI 3, r. 32, R70"
639;24131;24132;"7 MI 3, r. 33 et 34, R71"
640;24133;24134;"7 MI 3, r. 35, R72"
641;24135;24136;"7 MI 3, r. 36, R73"
642;24137;24138;"7 MI 3, r. 36, R74"
643;24139;24140;"7 MI 3, r. 4, r. 5, R39"
644;24141;24142;"7 MI 3, r. 4, r. 5, R40"
645;24143;24144;"7 MI 3, r. 6 et r. 7, R43"
646;24145;24146;"7 MI 3, r. 6 et r. 7, R43"
647;24147;24148;"7 MI 3, r. 6, R42"
648;24149;24150;"7 MI 3, r. 9 et r. 10, R46"
649;24151;24152;"7 MI 3, r. 9, R45"
650;24153;24154;"AST, inv38,m 4,24"
651;24155;24156;"AST, inv38,m1,12.1"
652;24157;24158;"AST, inv38,m1,13"
653;24159;24160;"AST, inv38,m2,14"
654;24161;24162;"AST, inv38,m3,22"
